City ID,City Name,Country Code,Date,Latitude,Longitude,Humidity,Max Temperature,Cloudiness,Wind Speed
0,batsfjord,no,04/29/18,70.63,29.72,100,31.21,68,5.06
1,cape town,za,04/29/18,-33.93,18.42,87,55.4,0,2.24
2,arona,es,04/29/18,28.1,-16.68,59,62.6,75,13.87
3,ushuaia,ar,04/29/18,-54.81,-68.31,70,42.8,75,12.55
4,khatanga,ru,04/29/18,71.98,102.47,98,19.42,76,5.95
5,lianzhou,cn,04/29/18,24.79,112.38,90,73.06,88,2.71
6,manicore,br,04/29/18,-5.81,-61.3,96,73.24,80,2.15
7,san jose del palmar,co,04/29/18,4.97,-76.23,99,61.54,76,1.7
8,rikitea,pf,04/29/18,-23.12,-134.97,100,78.01,0,10.98
9,cabo san lucas,mx,04/29/18,22.89,-109.91,100,70.99,80,15.79
10,coquimbo,cl,04/29/18,-29.95,-71.34,100,54.16,64,4.61
11,provideniya,ru,04/29/18,64.42,-173.23,100,26.8,64,8.52
12,de aar,za,04/29/18,-30.65,24.01,57,51.8,0,9.17
13,albany,au,04/29/18,-35.02,117.88,41,77.65,8,8.63
14,port alfred,za,04/29/18,-33.59,26.89,84,68.02,44,11.99
15,bluff,nz,04/29/18,-46.6,168.33,100,50.29,92,18.37
16,isangel,vu,04/29/18,-19.55,169.27,100,78.82,24,9.53
17,matamoros,mx,04/29/18,25.53,-103.23,63,66.94,32,10.76
18,naze,jp,04/29/18,28.37,129.48,57,75.2,75,6.93
19,areia,br,04/29/18,-6.97,-35.7,93,71.71,92,7.4
20,hermanus,za,04/29/18,-34.42,19.24,55,63.07,0,3.6
21,reading,gb,04/29/18,51.46,-0.97,87,44.6,75,9.17
22,punta arenas,cl,04/29/18,-53.16,-70.91,80,41.0,75,23.04
23,douglas,us,04/29/18,31.51,-82.85,93,57.2,1,3.36
24,dwarka,in,04/29/18,28.58,77.04,27,103.84,48,4.94
25,puerto ayacucho,ve,04/29/18,5.66,-67.62,100,70.99,92,3.6
26,bima,id,04/29/18,-8.45,118.73,66,84.4,0,6.73
27,ribeira grande,pt,04/29/18,38.52,-28.7,71,55.4,20,8.05
28,norman wells,ca,04/29/18,65.28,-126.83,85,24.8,20,2.71
29,cascais,pt,04/29/18,38.7,-9.42,76,53.6,40,11.41
30,vao,nc,04/29/18,-22.67,167.48,100,75.4,48,13.78
31,olutanga,ph,04/29/18,7.31,122.85,100,79.54,92,13.22
32,veraval,in,04/29/18,20.9,70.37,61,88.72,0,15.01
33,gornopravdinsk,ru,04/29/18,60.06,69.92,86,52.18,92,13.56
34,butaritari,ki,04/29/18,3.07,172.79,100,83.77,12,4.16
35,keetmanshoop,na,04/29/18,-26.57,18.15,42,66.2,0,4.61
36,flinders,au,04/29/18,-34.58,150.85,93,59.0,75,4.7
37,jamestown,sh,04/29/18,-15.94,-5.72,100,75.04,64,17.69
38,nador,ma,04/29/18,35.17,-2.93,82,59.0,75,5.82
39,hofn,is,04/29/18,64.25,-15.21,100,40.39,88,11.21
40,new norfolk,au,04/29/18,-42.78,147.06,31,60.8,0,10.29
41,khasan,ru,04/29/18,42.43,130.64,61,52.36,0,5.61
42,saldanha,za,04/29/18,-33.01,17.94,68,65.23,20,9.75
43,thinadhoo,mv,04/29/18,0.53,72.93,100,83.59,80,15.79
44,posevnaya,ru,04/29/18,54.3,83.33,72,58.66,8,4.72
45,carnarvon,au,04/29/18,-24.87,113.63,73,80.35,0,13.89
46,barrow,us,04/29/18,39.51,-90.4,64,44.6,1,6.93
47,zapolyarnyy,ru,04/29/18,69.43,30.82,75,32.0,64,10.29
48,grindavik,is,04/29/18,63.84,-22.43,80,41.0,90,11.41
49,busselton,au,04/29/18,-33.64,115.35,81,74.32,0,12.66
50,castro,cl,04/29/18,-42.48,-73.76,100,34.9,0,6.17
51,saint-philippe,re,04/29/18,-21.36,55.77,61,82.4,75,13.87
52,saskylakh,ru,04/29/18,71.97,114.09,83,15.82,12,5.73
53,mount gambier,au,04/29/18,-37.83,140.78,93,51.82,0,3.71
54,katsuura,jp,04/29/18,33.93,134.5,60,73.4,20,23.04
55,chunskiy,ru,04/29/18,56.08,99.63,39,50.83,20,3.38
56,kulhudhuffushi,mv,04/29/18,6.62,73.07,100,81.79,88,0.81
57,sao joao da barra,br,04/29/18,-21.64,-41.05,100,77.02,24,5.17
58,bambous virieux,mu,04/29/18,-20.34,57.76,54,82.4,40,13.87
59,tuktoyaktuk,ca,04/29/18,69.44,-133.03,75,3.2,12,17.22
60,nikolskoye,ru,04/29/18,59.7,30.79,57,51.8,20,4.47
61,tulu bolo,et,04/29/18,8.66,38.21,92,62.08,68,2.59
62,ornskoldsvik,se,04/29/18,63.29,18.72,61,46.4,0,4.7
63,mount barker,au,04/29/18,-35.06,138.86,40,69.8,0,12.75
64,victoria,sc,04/29/18,-4.62,55.45,74,86.0,20,9.17
65,atuona,pf,04/29/18,-9.8,-139.03,99,81.52,0,14.79
66,cherskiy,ru,04/29/18,68.75,161.3,70,21.13,0,1.59
67,raudeberg,no,04/29/18,61.99,5.14,75,42.8,0,4.7
68,sur,om,04/29/18,22.57,59.53,71,89.8,0,0.58
69,puerto ayora,ec,04/29/18,-0.74,-90.35,100,74.77,100,1.92
70,chimore,bo,04/29/18,-16.98,-65.13,97,69.28,92,4.38
71,ankang,cn,04/29/18,32.73,108.99,57,75.58,0,2.15
72,otjiwarongo,na,04/29/18,-20.46,16.65,37,76.84,20,5.95
73,kapaa,us,04/29/18,22.08,-159.32,60,68.0,75,6.93
74,cockburn town,bs,04/29/18,24.03,-74.52,100,77.56,68,9.75
75,slupsk,pl,04/29/18,54.46,17.03,89,52.54,0,4.38
76,east london,za,04/29/18,-33.02,27.91,68,64.4,20,9.17
77,sabha,ly,04/29/18,27.03,14.43,18,89.62,0,7.4
78,sisophon,kh,04/29/18,13.59,102.97,91,80.08,92,6.17
79,port lincoln,au,04/29/18,-34.72,135.86,93,62.44,0,9.98
80,yeppoon,au,04/29/18,-23.13,150.74,53,77.0,36,8.05
81,kodiak,us,04/29/18,39.95,-94.76,53,50.0,1,4.7
82,clyde river,ca,04/29/18,70.47,-68.59,70,-2.21,1,4.7
83,kayes,ml,04/29/18,14.44,-11.44,26,87.19,32,7.63
84,hoi an,vn,04/29/18,15.88,108.33,70,87.8,20,9.17
85,adrar,dz,04/29/18,27.87,-0.29,23,73.4,0,16.11
86,vasto,it,04/29/18,42.12,14.71,68,68.0,0,1.12
87,touros,br,04/29/18,-5.2,-35.46,99,76.12,36,10.2
88,mar del plata,ar,04/29/18,-46.43,-67.52,100,35.89,0,13.78
89,maniitsoq,gl,04/29/18,65.42,-52.9,100,16.9,80,5.61
90,port hardy,ca,04/29/18,50.7,-127.42,81,42.8,75,5.82
91,arkhipo-osipovka,ru,04/29/18,44.37,38.53,49,68.56,0,3.6
92,caravelas,br,04/29/18,-17.73,-39.27,100,78.28,80,12.1
93,saint george,bm,04/29/18,32.38,-64.68,88,71.6,90,21.92
94,poum,nc,04/29/18,-20.23,164.02,100,77.29,48,20.15
95,bensonville,lr,04/29/18,6.45,-10.61,94,73.4,75,4.27
96,cidreira,br,04/29/18,-30.17,-50.22,94,66.31,0,7.18
97,chernyshevskiy,ru,04/29/18,63.01,112.47,68,39.31,44,7.18
98,yarada,in,04/29/18,17.65,83.27,99,84.49,8,21.83
99,poptun,gt,04/29/18,16.33,-89.42,98,70.99,76,2.26
100,pula,hr,04/29/18,44.87,13.85,60,69.8,0,4.7
101,bethel,us,04/29/18,60.79,-161.76,93,35.6,90,12.75
102,san nicolas,ph,04/29/18,16.07,120.76,94,79.54,44,2.26
103,faanui,pf,04/29/18,-16.48,-151.75,100,82.33,32,9.53
104,klaksvik,fo,04/29/18,62.23,-6.59,86,41.0,20,9.17
105,kjollefjord,no,04/29/18,70.95,27.35,92,30.04,32,3.15
106,hanzhong,cn,04/29/18,33.08,107.03,55,75.94,0,3.04
107,riviere-au-renard,ca,04/29/18,49.0,-64.4,93,33.8,90,2.24
108,pevek,ru,04/29/18,69.7,170.27,65,21.85,36,5.95
109,wallacetown,nz,04/29/18,-46.34,168.29,100,46.96,92,6.51
110,ilulissat,gl,04/29/18,69.22,-51.1,78,15.8,64,8.05
111,chokwe,mz,04/29/18,-24.53,32.98,76,79.72,88,10.87
112,hobart,au,04/29/18,-42.88,147.33,31,60.8,0,10.29
113,north bend,us,04/29/18,43.41,-124.22,81,51.8,90,5.82
114,narsaq,gl,04/29/18,60.91,-46.05,86,32.0,75,1.12
115,torbay,ca,04/29/18,47.66,-52.73,93,59.0,90,16.11
116,san patricio,mx,04/29/18,19.22,-104.7,100,63.52,20,2.37
117,lavrentiya,ru,04/29/18,65.58,-170.99,98,25.36,76,4.94
118,kanashevo,ru,04/29/18,55.21,62.07,46,50.0,20,33.55
119,vaini,to,04/29/18,-21.2,-175.2,94,75.2,75,13.44
120,tabou,ci,04/29/18,4.42,-7.36,100,80.98,24,8.19
121,camiri,bo,04/29/18,-20.04,-63.52,81,65.68,32,5.61
122,lhokseumawe,id,04/29/18,5.18,97.15,100,83.05,64,7.18
123,hisar,in,04/29/18,29.16,75.73,31,99.52,44,4.27
124,sao miguel do araguaia,br,04/29/18,-13.28,-50.16,79,71.26,0,3.6
125,mehamn,no,04/29/18,71.03,27.85,92,30.04,32,3.15
126,bilma,ne,04/29/18,18.69,12.92,16,101.86,0,7.96
127,helmstedt,de,04/29/18,52.23,11.01,58,59.0,0,9.17
128,ostrovnoy,ru,04/29/18,68.05,39.51,100,33.82,92,14.23
129,hermosillo,mx,04/29/18,29.09,-110.96,41,75.2,5,3.6
130,fillan,no,04/29/18,63.6,8.98,81,42.8,40,11.41
131,brae,gb,04/29/18,60.4,-1.35,75,44.6,92,8.05
132,arraial do cabo,br,04/29/18,-22.97,-42.02,98,70.9,0,7.96
133,hithadhoo,mv,04/29/18,-0.6,73.08,100,83.59,80,19.04
134,roald,no,04/29/18,62.58,6.12,80,44.6,75,3.36
135,san carlos de bariloche,ar,04/29/18,-41.13,-71.31,80,33.8,0,4.7
136,dingle,ie,04/29/18,52.14,-10.27,100,47.32,12,9.19
137,lagos,pt,04/29/18,37.1,-8.67,81,51.8,40,4.7
138,kingston,us,04/29/18,41.99,-70.72,93,51.8,90,3.27
139,nantucket,us,04/29/18,41.28,-70.1,100,48.2,40,9.17
140,eyl,so,04/29/18,7.98,49.82,99,82.33,24,10.09
141,desna,ua,04/29/18,50.92,30.77,63,66.2,24,6.71
142,vostok,ru,04/29/18,46.45,135.83,44,64.69,92,7.18
143,grand gaube,mu,04/29/18,-20.01,57.66,54,82.4,40,13.87
144,bredasdorp,za,04/29/18,-34.53,20.04,88,63.07,0,7.52
145,upernavik,gl,04/29/18,72.79,-56.15,100,13.48,68,18.25
146,yellowknife,ca,04/29/18,62.45,-114.38,80,33.8,40,8.05
147,tilichiki,ru,04/29/18,60.47,166.1,91,31.75,92,9.19
148,sehnde,de,04/29/18,52.31,9.96,59,60.8,0,9.17
149,aklavik,ca,04/29/18,68.22,-135.01,67,17.6,20,9.17
150,rawdon,ca,04/29/18,46.05,-73.71,87,44.6,90,8.05
151,tuatapere,nz,04/29/18,-46.13,167.69,100,47.14,100,8.63
152,eskisehir,tr,04/29/18,39.78,30.52,45,66.2,0,10.29
153,monteiro,br,04/29/18,-7.89,-37.12,96,67.84,32,5.95
154,lunglei,in,04/29/18,22.89,92.75,41,84.22,20,2.15
155,porto novo,cv,04/29/18,17.02,-25.06,77,69.8,75,14.99
156,baruun-urt,mn,04/29/18,46.68,113.28,28,52.27,32,9.64
157,east valencia,ph,04/29/18,10.67,122.71,51,88.54,8,8.75
158,antofagasta,cl,04/29/18,-23.65,-70.4,82,62.6,75,3.36
159,gazojak,tm,04/29/18,41.19,61.4,44,86.83,64,4.16
160,ashti,in,04/29/18,18.8,75.17,23,103.39,0,8.97
161,kavaratti,in,04/29/18,10.57,72.64,100,84.94,12,10.2
162,candolim,in,04/29/18,15.52,73.76,79,90.43,0,14.23
163,sitka,us,04/29/18,37.17,-99.65,39,62.26,44,15.01
164,margate,za,04/29/18,-30.86,30.37,99,67.84,24,8.3
165,mahebourg,mu,04/29/18,-20.41,57.7,54,82.4,40,13.87
166,college,us,04/29/18,64.86,-147.8,64,35.6,40,6.85
167,lubumbashi,cd,04/29/18,-11.66,27.48,55,77.74,0,13.22
168,severo-kurilsk,ru,04/29/18,50.68,156.12,98,32.47,68,12.77
169,yenagoa,ng,04/29/18,4.92,6.26,85,86.74,8,7.18
170,pouembout,nc,04/29/18,-21.12,164.9,76,69.91,20,5.73
171,benguela,ao,04/29/18,-12.58,13.4,92,82.78,0,3.15
172,santa lucia,es,04/29/18,27.91,-15.54,59,62.6,40,18.34
173,tilaran,cr,04/29/18,10.47,-84.97,88,70.18,0,2.48
174,avarua,ck,04/29/18,-21.21,-159.78,83,71.6,20,2.24
175,mandera,ke,04/29/18,3.94,41.87,80,84.67,8,7.63
176,iqaluit,ca,04/29/18,63.75,-68.52,78,8.6,40,8.05
177,parana,br,04/29/18,-7.52,-72.89,94,75.2,90,2.15
178,abu kamal,sy,04/29/18,34.45,40.92,100,67.48,32,4.61
179,deputatskiy,ru,04/29/18,69.3,139.9,80,16.81,32,6.73
180,tual,id,04/29/18,-5.67,132.75,100,82.42,56,11.32
181,lima,pe,04/29/18,-12.06,-77.04,90,55.69,24,1.92
182,lugovoy,ru,04/29/18,59.72,65.88,91,49.12,76,15.23
183,mayo,ca,04/29/18,63.59,-135.9,47,35.6,40,9.17
184,karratha,au,04/29/18,-20.74,116.85,21,93.31,12,6.73
185,leshan,cn,04/29/18,29.56,103.76,36,85.39,8,5.5
186,waipawa,nz,04/29/18,-39.94,176.59,92,56.95,64,11.54
187,mogadishu,so,04/29/18,2.04,45.34,79,86.0,40,10.29
188,kitimat,ca,04/29/18,54.02,-128.69,52,41.0,20,5.82
189,murray,us,04/29/18,40.67,-111.89,50,59.0,1,6.93
190,leningradskiy,ru,04/29/18,69.38,178.42,94,21.67,64,2.04
191,rock sound,bs,04/29/18,24.9,-76.2,100,77.11,12,2.71
192,kupang,id,04/29/18,-10.16,123.6,79,84.13,0,11.65
193,constitucion,cl,04/29/18,-35.33,-72.42,100,47.68,8,1.7
194,vammala,fi,04/29/18,61.34,22.91,93,44.6,75,2.24
195,cap malheureux,mu,04/29/18,-19.98,57.61,54,82.4,40,13.87
196,kruisfontein,za,04/29/18,-34.0,24.73,73,63.52,68,6.29
197,olecko,pl,04/29/18,54.04,22.49,70,68.47,48,6.4
198,taraz,kz,04/29/18,42.89,71.39,41,75.2,8,4.47
199,mwinilunga,zm,04/29/18,-11.73,24.43,51,76.3,0,4.94
200,sambava,mg,04/29/18,-14.27,50.17,100,80.71,68,19.48
201,aktash,ru,04/29/18,50.31,87.6,70,37.78,68,2.48
202,quatre cocos,mu,04/29/18,-20.21,57.76,54,82.4,40,13.87
203,noumea,nc,04/29/18,-22.28,166.46,88,69.8,90,5.82
204,samarai,pg,04/29/18,-10.62,150.67,100,82.15,0,14.9
205,portland,au,04/29/18,-33.35,149.98,85,52.18,80,1.92
206,mazagao,br,04/29/18,-0.12,-51.29,100,77.0,75,2.24
207,kassala,sd,04/29/18,15.45,36.38,17,98.53,0,5.95
208,praia da vitoria,pt,04/29/18,38.73,-27.07,87,51.8,40,14.34
209,rawlins,us,04/29/18,41.79,-107.24,61,53.6,1,4.7
210,hilo,us,04/29/18,19.71,-155.08,88,69.8,90,6.93
211,qaanaaq,gl,04/29/18,77.48,-69.36,83,8.98,76,11.21
212,tahoua,ne,04/29/18,14.89,5.26,40,89.6,0,11.41
213,chalchihuites,mx,04/29/18,23.48,-103.88,66,50.02,12,2.59
214,dikson,ru,04/29/18,73.51,80.55,100,28.69,88,12.44
215,hami,cn,04/29/18,42.84,93.51,22,74.5,12,22.5
216,geraldton,au,04/29/18,-28.77,114.6,14,93.2,0,4.7
217,boyolangu,id,04/29/18,-8.09,111.9,65,85.3,56,5.73
218,ponta do sol,pt,04/29/18,32.67,-17.1,54,59.0,40,3.36
219,wum,cm,04/29/18,6.39,10.08,81,79.18,44,3.38
220,punta alta,ar,04/29/18,-27.46,-55.82,83,73.4,0,1.12
221,yantai,cn,04/29/18,37.53,121.39,53,66.85,56,12.1
222,georgetown,gy,04/29/18,6.8,-58.16,95,75.04,92,7.96
223,rokiskis,lt,04/29/18,55.97,25.58,76,61.63,56,8.41
224,lamar,us,04/29/18,38.09,-102.62,41,60.8,1,18.34
225,san buenaventura,mx,04/29/18,27.06,-101.55,77,59.38,88,2.37
226,maceio,br,04/29/18,-9.67,-35.74,100,73.4,75,4.7
227,nikolsk,ru,04/29/18,59.53,45.45,75,45.79,56,9.98
228,komsomolskiy,ru,04/29/18,67.55,63.78,100,27.61,36,12.1
229,namatanai,pg,04/29/18,-3.66,152.44,100,78.01,92,9.75
230,pekalongan,id,04/29/18,-6.89,109.67,100,86.2,0,7.52
231,tiksi,ru,04/29/18,71.64,128.87,79,15.46,44,3.94
232,dunedin,nz,04/29/18,-45.87,170.5,100,46.06,92,5.06
233,ancud,cl,04/29/18,-41.87,-73.83,89,37.87,0,6.4
234,maragogi,br,04/29/18,-9.01,-35.22,100,72.61,92,5.95
235,lompoc,us,04/29/18,34.64,-120.46,81,57.2,90,9.17
236,tasiilaq,gl,04/29/18,65.61,-37.64,85,21.2,0,4.7
237,qinhuangdao,cn,04/29/18,39.94,119.59,38,80.62,8,10.31
238,sao filipe,cv,04/29/18,14.9,-24.5,94,71.8,36,17.13
239,abu dhabi,ae,04/29/18,24.47,54.37,13,104.0,0,3.36
240,moberly,us,04/29/18,39.42,-92.44,50,48.2,1,6.93
241,kiruna,se,04/29/18,67.86,20.23,92,30.2,90,8.05
242,kabinda,cd,04/29/18,-6.14,24.49,61,86.92,24,5.61
243,kendari,id,04/29/18,-3.99,122.52,59,84.4,20,4.38
244,pangkalanbuun,id,04/29/18,-2.68,111.62,81,84.04,56,5.95
245,kaniama,cd,04/29/18,-7.57,24.18,45,86.11,0,3.38
246,plettenberg bay,za,04/29/18,-34.05,23.37,91,61.18,88,5.95
247,hasaki,jp,04/29/18,35.73,140.83,60,75.2,20,16.11
248,poya,nc,04/29/18,-21.35,165.16,100,74.68,92,13.0
249,kununurra,au,04/29/18,-15.77,128.74,10,93.2,32,5.82
250,beringovskiy,ru,04/29/18,63.05,179.32,92,27.52,88,18.03
251,morehead,pg,04/29/18,-8.71,141.64,61,83.32,0,13.33
252,hellvik,no,04/29/18,59.92,5.78,100,39.04,12,2.37
253,rafai,cf,04/29/18,4.95,23.92,60,89.8,12,5.5
254,maldonado,uy,04/29/18,-34.91,-54.96,94,69.8,90,5.82
255,half moon bay,us,04/29/18,37.46,-122.43,87,55.4,90,11.41
256,bolobo,cd,04/29/18,-2.17,16.23,100,72.97,88,3.83
257,meulaboh,id,04/29/18,4.14,96.13,100,83.77,56,5.61
258,mount isa,au,04/29/18,-20.73,139.49,16,86.0,32,8.05
259,atar,mr,04/29/18,20.52,-13.05,29,72.61,24,10.42
260,longyearbyen,sj,04/29/18,78.22,15.64,73,24.8,75,10.29
261,omboue,ga,04/29/18,-1.57,9.26,99,83.59,88,10.65
262,yumen,cn,04/29/18,40.29,97.04,26,67.57,20,22.73
263,nyuksenitsa,ru,04/29/18,60.41,44.24,87,47.14,12,12.88
264,xuddur,so,04/29/18,4.12,43.89,81,82.24,8,10.87
265,broome,au,04/29/18,-17.97,122.23,16,95.0,0,6.93
266,ampanihy,mg,04/29/18,-24.69,44.75,26,89.62,0,3.94
267,buraydah,sa,04/29/18,26.33,43.97,34,82.4,75,4.7
268,port blair,in,04/29/18,11.67,92.75,100,82.78,20,6.73
269,rio gallegos,ar,04/29/18,-51.62,-69.22,64,39.2,0,6.93
270,pisco,pe,04/29/18,-13.71,-76.2,82,68.0,32,5.82
271,yuanping,cn,04/29/18,38.72,112.71,49,69.91,92,3.49
272,takoradi,gh,04/29/18,4.89,-1.75,93,82.33,44,6.51
273,vestmannaeyjar,is,04/29/18,63.44,-20.27,100,39.58,92,13.22
274,soe,id,04/29/18,-9.86,124.28,39,81.25,36,2.93
275,kargasok,ru,04/29/18,59.06,80.87,55,55.78,0,4.38
276,papar,my,04/29/18,5.73,115.93,70,89.6,75,2.24
277,pochutla,mx,04/29/18,15.74,-96.47,100,81.52,0,4.16
278,vaitape,pf,04/29/18,-16.52,-151.75,99,82.6,48,8.63
279,craig,us,04/29/18,40.52,-107.55,46,55.4,1,12.75
280,new ulm,us,04/29/18,44.31,-94.46,56,42.8,1,9.17
281,gubkinskiy,ru,04/29/18,64.43,76.5,94,45.34,56,10.54
282,solnechnyy,ru,04/29/18,50.72,136.64,46,52.81,56,6.73
283,perevoz,ru,04/29/18,55.6,44.54,68,53.71,44,16.02
284,krasnyy chikoy,ru,04/29/18,50.36,108.75,50,42.46,88,4.16
285,itarema,br,04/29/18,-2.92,-39.92,100,73.51,92,6.96
286,sehithwa,bw,04/29/18,-20.47,22.7,36,78.46,0,9.64
287,pangody,ru,04/29/18,65.85,74.49,100,38.86,88,9.75
288,morondava,mg,04/29/18,-20.3,44.28,64,87.46,0,4.38
289,beloha,mg,04/29/18,-25.17,45.06,31,86.02,0,4.72
290,ardakan,ir,04/29/18,32.31,54.02,68,64.4,75,13.87
291,kloulklubed,pw,04/29/18,7.04,134.26,74,87.8,75,5.17
292,chifeng,cn,04/29/18,42.27,118.96,39,67.66,64,9.75
293,mitsamiouli,km,04/29/18,-11.38,43.28,62,86.0,40,12.75
294,whakatane,nz,04/29/18,-37.96,176.99,100,63.97,80,19.48
295,nanortalik,gl,04/29/18,60.14,-45.24,94,27.07,20,22.28
296,taoudenni,ml,04/29/18,22.68,-3.98,30,79.0,12,9.19
297,staryy nadym,ru,04/29/18,65.61,72.68,97,39.94,92,6.29
298,hobyo,so,04/29/18,5.35,48.53,90,83.95,64,9.08
299,zhigansk,ru,04/29/18,66.77,123.37,46,25.0,0,8.86
300,macheng,cn,04/29/18,31.18,115.03,76,74.86,92,6.29
301,saint-francois,gp,04/29/18,16.25,-61.27,73,77.0,68,5.82
302,port keats,au,04/29/18,-14.25,129.55,44,87.28,24,7.29
303,omagh,gb,04/29/18,54.6,-7.3,93,42.8,75,5.82
304,san joaquin,py,04/29/18,-24.95,-56.12,85,69.46,0,4.94
305,marsa matruh,eg,04/29/18,31.35,27.25,31,85.12,88,1.81
306,bom jesus,br,04/29/18,-9.08,-44.36,78,73.51,0,10.65
307,arkadelphia,us,04/29/18,34.12,-93.05,82,62.6,1,3.36
308,borovoy,ru,04/29/18,63.23,52.89,90,39.22,64,13.44
309,fortuna,us,04/29/18,40.6,-124.16,100,51.8,90,3.36
310,murindo,co,04/29/18,6.98,-76.75,97,73.15,76,2.37
311,lebu,cl,04/29/18,-37.62,-73.65,100,52.72,76,18.37
312,kazanskaya,ru,04/29/18,45.41,40.44,53,70.09,0,12.44
313,sarankhola,bd,04/29/18,22.31,89.79,57,92.05,0,13.67
314,casablanca,ma,04/29/18,33.6,-7.62,58,59.0,40,9.17
315,colon,co,04/29/18,1.19,-76.97,99,52.99,64,0.69
316,okhotsk,ru,04/29/18,59.36,143.24,65,33.46,0,4.38
317,chik,ru,04/29/18,54.99,82.44,63,62.6,0,8.95
318,seoul,kr,04/29/18,37.57,126.98,26,75.2,0,8.05
319,la ronge,ca,04/29/18,55.1,-105.3,33,62.6,20,13.87
320,talnakh,ru,04/29/18,69.49,88.39,96,36.34,92,12.77
321,verkhnevilyuysk,ru,04/29/18,63.45,120.31,45,33.46,56,6.29
322,vardo,no,04/29/18,70.37,31.11,100,32.29,76,8.19
323,gushikawa,jp,04/29/18,26.35,127.87,64,75.2,40,3.36
324,mizdah,ly,04/29/18,31.45,12.98,36,78.46,0,8.63
325,frontignan,fr,04/29/18,43.45,3.75,88,62.6,0,21.92
326,chipata,zm,04/29/18,-13.64,32.65,43,81.61,8,9.98
327,mawlaik,mm,04/29/18,23.63,94.42,63,84.31,12,2.26
328,kahului,us,04/29/18,20.89,-156.47,93,66.2,90,6.93
329,ha giang,vn,04/29/18,22.83,104.99,98,68.02,92,1.92
330,filingue,ne,04/29/18,14.35,3.32,31,100.6,0,13.0
331,cabedelo,br,04/29/18,-6.97,-34.84,91,81.25,92,10.87
332,kaitangata,nz,04/29/18,-46.28,169.85,96,48.49,92,6.96
333,fairbanks,us,04/29/18,64.84,-147.72,64,35.6,40,6.85
334,kavieng,pg,04/29/18,-2.57,150.8,100,83.41,68,11.54
335,versoix,ch,04/29/18,46.28,6.17,82,62.6,75,2.24
336,micheweni,tz,04/29/18,-4.97,39.83,100,81.7,88,16.8
337,cienfuegos,cu,04/29/18,22.15,-80.44,100,71.6,12,5.82
338,parakou,bj,04/29/18,9.34,2.63,63,87.64,0,12.1
339,araouane,ml,04/29/18,18.9,-3.53,19,83.5,0,9.75
340,altagracia de orituco,ve,04/29/18,9.86,-66.38,93,71.62,8,7.29
341,tazovskiy,ru,04/29/18,67.47,78.7,93,37.15,56,10.98
342,abha,sa,04/29/18,18.22,42.5,16,77.0,0,3.36
343,port hedland,au,04/29/18,-20.31,118.58,34,93.2,32,13.87
344,kirakira,sb,04/29/18,-10.46,161.92,100,83.59,0,7.4
345,merauke,id,04/29/18,-8.49,140.4,65,87.01,24,13.33
346,georgetown,sh,04/29/18,-7.93,-14.42,100,80.44,92,15.12
347,turukhansk,ru,04/29/18,65.8,87.96,91,37.51,0,15.35
348,khaga,in,04/29/18,25.77,81.1,29,101.23,24,5.95
349,requena,es,04/29/18,39.49,-1.1,54,59.0,20,14.99
350,chabahar,ir,04/29/18,25.29,60.65,78,88.63,0,8.63
351,bandeirantes,br,04/29/18,-23.11,-50.37,90,62.98,0,7.07
352,usinsk,ru,04/29/18,66.0,57.56,91,32.38,20,13.11
353,casa nova,br,04/29/18,-11.77,-39.23,95,69.82,20,5.73
354,basoko,cd,04/29/18,1.23,23.61,78,82.87,76,4.05
355,palmer,us,04/29/18,61.6,-149.11,60,44.6,90,8.05
356,alofi,nu,04/29/18,-19.06,-169.92,88,73.4,0,4.7
357,katobu,id,04/29/18,-4.94,122.53,95,82.33,76,4.16
358,sao felix do xingu,br,04/29/18,-6.64,-51.99,100,69.28,8,2.37
359,stromness,gb,04/29/18,58.97,-3.3,81,44.6,40,10.29
360,onokhoy,ru,04/29/18,51.92,108.05,25,51.8,75,13.42
361,hay river,ca,04/29/18,60.82,-115.79,86,26.6,40,5.82
362,matara,lk,04/29/18,5.95,80.54,94,85.12,48,7.4
363,luderitz,na,04/29/18,-26.65,15.16,98,59.2,0,12.66
364,chulucanas,pe,04/29/18,-5.1,-80.16,82,70.09,20,5.5
365,wewak,pg,04/29/18,-3.55,143.63,87,79.9,80,2.26
366,thompson,ca,04/29/18,55.74,-97.86,49,48.2,75,11.41
367,ucluelet,ca,04/29/18,48.94,-125.55,100,43.99,92,1.59
368,quelimane,mz,04/29/18,-17.88,36.89,91,82.24,0,4.5
369,bud,no,04/29/18,62.91,6.91,70,44.6,40,2.24
370,monteagudo,bo,04/29/18,-19.8,-63.96,95,59.83,80,2.15
371,iaciara,br,04/29/18,-14.1,-46.63,76,67.57,0,7.18
372,igarka,ru,04/29/18,67.47,86.57,94,36.34,24,12.66
373,chokurdakh,ru,04/29/18,70.62,147.9,88,21.04,76,3.94
374,wawa,ca,04/29/18,47.99,-84.77,73,13.66,0,2.37
375,mandalgovi,mn,04/29/18,45.76,106.27,62,50.56,36,10.87
376,bako,et,04/29/18,5.83,36.63,87,68.29,80,2.04
377,kaputa,zm,04/29/18,-8.47,29.66,41,83.86,0,6.06
378,acapulco,mx,04/29/18,16.86,-99.88,78,77.0,5,2.24
379,jacqueville,ci,04/29/18,5.21,-4.42,78,80.6,40,1.12
380,souillac,mu,04/29/18,-20.52,57.52,54,82.4,40,13.87
381,xichang,cn,04/29/18,27.88,102.25,59,62.62,56,1.59
382,bahia honda,cu,04/29/18,22.9,-83.16,92,69.91,64,4.72
383,aparecida do taboado,br,04/29/18,-20.08,-51.1,77,70.54,0,4.16
384,sokolo,ml,04/29/18,14.74,-6.12,24,87.91,0,14.67
385,ulaangom,mn,04/29/18,49.98,92.07,65,40.75,32,5.17
386,ciudad bolivar,ve,04/29/18,8.12,-63.55,72,78.46,24,8.97
387,creston,ca,04/29/18,49.1,-116.52,81,44.6,75,6.93
388,hovd,mn,04/29/18,48.01,91.64,55,43.9,76,4.94
389,srednekolymsk,ru,04/29/18,67.46,153.71,75,24.64,24,4.38
390,pouebo,nc,04/29/18,-20.4,164.57,82,74.86,0,9.42
391,iskateley,ru,04/29/18,67.68,53.15,99,30.58,0,8.41
392,bonavista,ca,04/29/18,48.65,-53.11,77,45.61,80,17.81
393,namibe,ao,04/29/18,-15.19,12.15,100,78.01,0,6.62
394,vytegra,ru,04/29/18,61.01,36.45,69,48.31,0,8.63
395,saint peters,us,04/29/18,35.62,-89.39,71,51.8,1,5.82
396,thiruvananthapuram,in,04/29/18,8.48,76.92,66,89.6,40,9.17
397,verkhnyaya inta,ru,04/29/18,65.99,60.32,73,33.19,76,6.62
398,gemena,cd,04/29/18,3.25,19.78,74,84.31,20,2.93
399,luganville,vu,04/29/18,-15.51,167.18,100,79.18,80,9.42
400,christchurch,nz,04/29/18,-43.53,172.64,93,50.0,44,3.36
401,fare,pf,04/29/18,-16.7,-151.02,100,82.06,44,8.19
402,rodino,ru,04/29/18,52.5,80.2,90,58.21,0,4.61
403,camacha,pt,04/29/18,33.08,-16.33,67,59.0,75,10.29
404,bolshaya glushitsa,ru,04/29/18,50.24,43.59,50,63.97,0,10.76
405,carbonia,it,04/29/18,39.17,8.53,82,59.0,0,3.36
406,bam,ir,04/29/18,29.11,58.36,8,97.81,0,7.74
407,rundu,na,04/29/18,-17.91,19.77,29,83.59,0,6.62
408,sola,vu,04/29/18,-13.88,167.55,100,79.54,44,1.59
409,ponta do sol,cv,04/29/18,17.2,-25.09,100,70.18,68,16.69
410,mirnyy,ru,04/29/18,56.57,36.46,63,57.58,0,9.75
411,mhlume,sz,04/29/18,-26.03,31.81,93,62.6,88,5.82
412,nosy varika,mg,04/29/18,-20.58,48.53,87,79.45,0,2.93
413,crestview,us,04/29/18,30.76,-86.57,87,64.4,1,2.93
414,zhezkazgan,kz,04/29/18,47.8,67.71,40,73.4,0,15.66
415,fukue,jp,04/29/18,35.03,136.69,56,71.6,20,13.87
416,aginskoye,ru,04/29/18,51.11,114.54,27,48.58,48,14.67
417,cape coast,gh,04/29/18,5.11,-1.24,82,85.3,8,5.28
418,pacific grove,us,04/29/18,36.62,-121.92,76,55.4,90,8.05
419,ulladulla,au,04/29/18,-35.36,150.48,93,59.0,75,4.7
420,kamenka,ru,04/29/18,53.19,44.05,96,54.88,0,12.66
421,rawson,ar,04/29/18,-43.3,-65.11,77,38.32,64,2.71
422,kuopio,fi,04/29/18,62.89,27.68,65,44.6,0,2.24
423,muswellbrook,au,04/29/18,-32.27,150.89,80,58.12,64,4.61
424,simao,cn,04/29/18,22.76,100.79,94,64.78,64,1.36
425,port elizabeth,za,04/29/18,-33.92,25.57,67,59.0,0,6.93
426,ust-uda,ru,04/29/18,54.17,103.03,50,45.25,24,5.39
427,london,gb,04/29/18,51.51,-0.13,87,44.6,90,6.93
428,vangaindrano,mg,04/29/18,-23.35,47.6,79,77.38,36,5.06
429,lorengau,pg,04/29/18,-2.02,147.27,100,83.68,92,9.64
430,te anau,nz,04/29/18,-45.41,167.72,100,41.92,92,2.82
431,donskoye,ru,04/29/18,45.45,41.98,42,64.4,0,11.18
432,rocha,uy,04/29/18,-34.48,-54.34,97,67.48,80,4.83
433,miles city,us,04/29/18,46.41,-105.84,48,62.6,1,19.46
434,labuhan,id,04/29/18,-2.54,115.51,78,80.71,76,2.93
435,san roque,ph,04/29/18,12.54,124.87,98,83.59,88,11.77
436,betong,th,04/29/18,5.77,101.07,89,81.07,64,3.6
437,rosita,ni,04/29/18,13.92,-84.4,96,74.05,64,2.59
438,pobe,bj,04/29/18,6.98,2.66,85,87.46,0,9.64
439,murray bridge,au,04/29/18,-35.12,139.28,94,60.01,0,9.31
440,ribeira brava,pt,04/29/18,32.65,-17.07,54,59.0,40,3.36
441,jiaxing,cn,04/29/18,30.76,120.75,54,84.2,20,8.95
442,guerrero negro,mx,04/29/18,27.97,-114.04,93,58.39,24,11.99
443,ewo,cg,04/29/18,-0.88,14.81,100,69.91,88,2.71
444,paamiut,gl,04/29/18,61.99,-49.67,100,25.0,0,17.58
445,pontes e lacerda,br,04/29/18,-15.23,-59.33,88,70.54,24,2.59
446,alice springs,au,04/29/18,-23.7,133.88,17,77.0,0,17.22
447,emerald,au,04/29/18,-23.53,148.16,35,73.24,0,10.09
448,anadyr,ru,04/29/18,64.73,177.51,92,14.0,90,13.42
449,chuy,uy,04/29/18,-33.69,-53.46,95,69.55,64,7.85
450,pitimbu,br,04/29/18,-7.47,-34.81,91,81.25,92,10.87
451,ferme-neuve,ca,04/29/18,46.7,-75.45,83,33.46,92,6.96
452,palmerston north,nz,04/29/18,-40.35,175.62,92,55.69,20,8.08
453,terney,ru,04/29/18,45.05,136.61,85,44.89,0,8.75
454,baillif,gp,04/29/18,16.02,-61.75,73,77.0,56,5.82
455,sirjan,ir,04/29/18,29.44,55.67,29,77.11,44,14.56
456,moscow,us,04/29/18,46.73,-117.0,81,48.2,1,6.93
457,vila velha,br,04/29/18,-3.71,-38.6,83,82.4,40,9.17
458,puerto maldonado,pe,04/29/18,-12.59,-69.19,96,76.03,92,0.69
459,blagoyevo,ru,04/29/18,63.37,47.92,69,42.64,12,4.72
460,iracoubo,gf,04/29/18,5.48,-53.21,96,75.58,92,3.71
461,itanhem,br,04/29/18,-17.17,-40.33,94,67.66,24,4.38
462,amapa,br,04/29/18,-1.83,-56.23,99,74.32,80,2.93
463,namtsy,ru,04/29/18,62.72,129.66,67,29.59,92,14.0
464,capreol,ca,04/29/18,46.71,-80.92,58,24.8,20,10.29
465,malynivka,ua,04/29/18,49.8,36.72,42,64.4,0,6.71
466,cap-aux-meules,ca,04/29/18,47.38,-61.86,86,37.6,92,5.73
467,cayenne,gf,04/29/18,4.94,-52.33,100,73.4,100,2.24
468,wajima,jp,04/29/18,37.4,136.9,25,73.4,0,9.17
469,thunder bay,ca,04/29/18,48.41,-89.26,79,24.8,5,5.73
470,santa rosa,ar,04/29/18,-36.62,-64.29,83,55.96,76,3.83
471,baglung,np,04/29/18,28.27,83.59,99,58.48,88,0.69
472,fergus falls,us,04/29/18,46.28,-96.08,56,44.6,1,13.87
473,lagoa,pt,04/29/18,37.14,-8.45,81,51.8,40,4.7
474,catabola,ao,04/29/18,-12.14,17.29,49,76.21,0,4.61
475,nuuk,gl,04/29/18,64.17,-51.74,92,19.4,68,5.82
476,iberia,pe,04/29/18,-11.41,-69.49,100,73.96,92,1.48
477,dumalaguing,ph,04/29/18,8.35,125.06,80,79.09,44,3.71
478,lerwick,gb,04/29/18,60.15,-1.15,75,44.6,88,8.05
479,ust-kuyga,ru,04/29/18,70.0,135.55,82,15.91,80,8.75
480,saint-augustin,ca,04/29/18,45.63,-73.98,87,44.6,90,8.05
481,zeya,ru,04/29/18,53.74,127.27,34,43.36,56,8.41
482,roma,au,04/29/18,-26.57,148.79,50,64.24,0,6.85
483,hualmay,pe,04/29/18,-11.1,-77.61,95,62.89,20,3.38
484,hwange,zw,04/29/18,-18.35,26.5,36,83.32,0,7.07
485,brownsville,us,04/29/18,25.91,-97.49,88,64.4,40,4.7
486,hearst,ca,04/29/18,49.69,-83.67,81,16.63,0,4.94
487,ongandjera,na,04/29/18,-17.88,15.07,28,81.79,0,7.85
488,jaltocan,mx,04/29/18,20.62,-97.82,99,68.2,92,2.71
489,waitati,nz,04/29/18,-45.75,170.57,100,46.06,92,5.06
490,lundamo,no,04/29/18,63.15,10.29,70,42.8,40,6.93
491,businga,cd,04/29/18,3.34,20.89,68,86.29,12,3.6
492,cananeia,br,04/29/18,-25.01,-47.93,100,70.54,68,0.92
493,ust-koksa,ru,04/29/18,50.27,85.62,52,45.07,88,2.59
494,prievidza,sk,04/29/18,48.77,18.62,63,69.8,20,5.82
495,alyangula,au,04/29/18,-13.85,136.42,89,84.58,68,14.67
496,muravlenko,ru,04/29/18,63.79,74.5,92,46.06,68,10.65
497,mao,td,04/29/18,14.12,15.31,20,100.96,44,6.73
498,jiancheng,cn,04/29/18,30.39,104.55,37,86.0,0,4.05
499,cervo,es,04/29/18,43.67,-7.41,100,51.64,88,4.83
